videoId,raceId,focusDriverId,category,title,publishDatetime,durationSeconds,views,likes,comments,avgViewPct,engagement_rate,total_watch_time_hours,season,country,driverId,teamId,position,points,status,content_period
5001,,-1.0,off-season,Technical regulations deep dive | 2023,2023-01-05 18:00:00,660,16182.0,735.0,51.0,45.2,4.86,1341.0,2023.0,,,,,,,Off-Season
5002,,-1.0,off-season,Drivers to watch | 2023,2023-01-09 16:00:00,1485,12153.0,534.0,45.0,45.4,4.76,2276.0,2023.0,,,,,,,Off-Season
5003,,-1.0,off-season,Rule changes explained | 2023,2023-01-12 17:00:00,1140,11549.0,439.0,46.0,47.5,4.2,1737.0,2023.0,,,,,,,Off-Season
5004,,-1.0,off-season,Season preview | 2023,2023-01-20 16:00:00,1245,19425.0,932.0,67.0,47.6,5.14,3198.0,2023.0,,,,,,,Off-Season
5005,,-1.0,off-season,Engine suppliers explained | 2023,2023-01-21 17:00:00,1305,9844.0,441.0,37.0,50.4,4.86,1798.0,2023.0,,,,,,,Off-Season
5006,,-1.0,off-season,Pre-season testing analysis | 2023,2023-02-06 18:00:00,1185,15123.0,559.0,37.0,48.4,3.94,2409.0,2023.0,,,,,,,Off-Season
5007,,-1.0,off-season,Team launch roundup | 2023,2023-02-07 18:00:00,1455,11029.0,508.0,29.0,49.8,4.87,2220.0,2023.0,,,,,,,Off-Season
5008,,-1.0,off-season,Predictions show | 2023,2023-02-10 18:00:00,1005,15373.0,636.0,64.0,45.5,4.55,1953.0,2023.0,,,,,,,Off-Season
5009,,-1.0,off-season,Fantasy league launch | 2023,2023-02-20 16:00:00,630,17468.0,756.0,74.0,48.8,4.75,1492.0,2023.0,,,,,,,Off-Season
5010,,-1.0,off-season,Calendar guide | 2023,2023-02-20 17:00:00,1395,21998.0,1058.0,90.0,48.4,5.22,4126.0,2023.0,,,,,,,Off-Season
5011,202301.0,-1.0,qualifying-report,Silverpine Grand Prix 2023 qualifying report,2023-03-05 06:35:10,1410,25079.0,1134.0,81.0,46.6,4.84,4577.0,2023.0,United Kingdom,,,,,,Race Season
5012,202301.0,1.0,driver-focus,Kasper Renn: the story so far,2023-03-06 13:09:34,735,21362.0,982.0,71.0,44.0,4.93,1919.0,2023.0,United Kingdom,1.0,1.0,3.0,15.0,Finished,Race Season
5013,202301.0,2.0,driver-focus,Mateo Vidal: the story so far,2023-03-06 22:05:36,1290,22672.0,983.0,65.0,50.9,4.62,4135.0,2023.0,United Kingdom,2.0,1.0,1.0,25.0,Finished,Race Season
5014,202301.0,-1.0,race-recap,Silverpine Grand Prix 2023 race highlights and analysis,2023-03-09 12:05:33,660,29874.0,1173.0,61.0,50.2,4.13,2749.0,2023.0,United Kingdom,,,,,,Race Season
5015,202302.0,-1.0,qualifying-report,Costa Azul Grand Prix 2023 qualifying report,2023-03-17 23:00:33,855,46015.0,1781.0,130.0,41.2,4.15,4503.0,2023.0,Spain,,,,,,Race Season
5016,202302.0,4.0,driver-focus,Elodie Marchand: the story so far,2023-03-20 05:40:00,1320,26196.0,1163.0,35.0,39.6,4.57,3804.0,2023.0,Spain,4.0,2.0,10.0,1.0,Finished,Race Season
5017,202302.0,2.0,driver-focus,Mateo Vidal: the story so far,2023-03-20 14:40:06,915,30142.0,1186.0,126.0,50.9,4.35,3899.0,2023.0,Spain,2.0,1.0,16.0,0.0,Finished,Race Season
5018,202302.0,-1.0,race-recap,Costa Azul Grand Prix 2023 race highlights and analysis,2023-03-20 20:52:26,1425,42154.0,1887.0,67.0,48.4,4.64,8076.0,2023.0,Spain,,,,,,Race Season
5019,202302.0,4.0,driver-focus,Elodie Marchand: the story so far,2023-03-21 10:35:40,795,40007.0,1900.0,119.0,47.5,5.05,4197.0,2023.0,Spain,4.0,2.0,10.0,1.0,Finished,Race Season
5020,202302.0,-1.0,tech-analysis,How the cars evolved for Costa Azul Grand Prix 2023,2023-03-21 18:50:41,1335,26607.0,950.0,69.0,44.5,3.83,4391.0,2023.0,Spain,,,,,,Race Season
5021,202303.0,-1.0,qualifying-report,Sakura Grand Prix 2023 qualifying report,2023-03-30 18:27:25,870,24404.0,1067.0,111.0,39.7,4.83,2341.0,2023.0,Japan,,,,,,Race Season
5022,202303.0,4.0,driver-focus,Elodie Marchand: the story so far,2023-04-03 13:38:49,945,36606.0,1021.0,106.0,44.6,3.08,4286.0,2023.0,Japan,4.0,2.0,2.0,18.0,Finished,Race Season
5023,202303.0,21.0,driver-focus,Casper Holm: the story so far,2023-04-03 16:11:27,1470,22718.0,990.0,35.0,46.5,4.51,4314.0,2023.0,Japan,21.0,2.0,5.0,10.0,Finished,Race Season
5024,202303.0,10.0,driver-focus,Petr Kovalenko: the story so far,2023-04-03 18:04:38,1155,34516.0,1556.0,140.0,53.4,4.91,5913.0,2023.0,Japan,10.0,5.0,10.0,1.0,Finished,Race Season
5025,202303.0,-1.0,tech-analysis,How the cars evolved for Sakura Grand Prix 2023,2023-04-04 17:35:10,1320,14764.0,716.0,39.0,40.7,5.11,2203.0,2023.0,Japan,,,,,,Race Season
5026,202303.0,-1.0,race-recap,Sakura Grand Prix 2023 race highlights and analysis,2023-04-08 08:27:34,1095,100785.0,4317.0,312.0,46.8,4.59,14347.0,2023.0,Japan,,,,,,Race Season
5027,202304.0,-1.0,qualifying-report,Redstone Grand Prix 2023 qualifying report,2023-04-13 02:59:09,1485,19966.0,965.0,35.0,47.4,5.01,3904.0,2023.0,United States,,,,,,Race Season
5028,202304.0,-1.0,race-recap,Redstone Grand Prix 2023 race highlights and analysis,2023-04-15 04:56:42,525,87634.0,3250.0,296.0,66.8,4.05,8537.0,2023.0,United States,,,,,,Race Season
5029,202304.0,4.0,driver-focus,Elodie Marchand: the story so far,2023-04-16 10:08:46,1410,37833.0,1441.0,94.0,46.3,4.06,6861.0,2023.0,United States,4.0,2.0,12.0,0.0,Finished,Race Season
5030,202305.0,-1.0,qualifying-report,Lago Bianco Grand Prix 2023 qualifying report,2023-04-26 01:21:56,735,44781.0,2013.0,170.0,46.8,4.87,4279.0,2023.0,Italy,,,,,,Race Season
5031,202305.0,12.0,driver-focus,Wei Tan: the story so far,2023-04-27 18:52:20,1065,38402.0,1432.0,139.0,46.5,4.09,5283.0,2023.0,Italy,12.0,6.0,3.0,15.0,Finished,Race Season
5032,202305.0,1.0,driver-focus,Kasper Renn: the story so far,2023-04-28 23:04:23,1395,18867.0,900.0,53.0,37.9,5.05,2771.0,2023.0,Italy,1.0,1.0,1.0,25.0,Finished,Race Season
5033,202305.0,-1.0,tech-analysis,How the cars evolved for Lago Bianco Grand Prix 2023,2023-04-30 01:52:49,1065,21787.0,885.0,79.0,45.6,4.42,2939.0,2023.0,Italy,,,,,,Race Season
5034,202305.0,-1.0,race-recap,Lago Bianco Grand Prix 2023 race highlights and analysis,2023-05-03 17:18:49,1275,49824.0,2004.0,160.0,45.2,4.34,7976.0,2023.0,Italy,,,,,,Race Season
5035,202306.0,2.0,driver-focus,Mateo Vidal: the story so far,2023-05-12 05:58:43,480,29495.0,1152.0,103.0,39.3,4.25,1546.0,2023.0,Germany,2.0,1.0,3.0,15.0,Finished,Race Season
5036,202306.0,2.0,driver-focus,Mateo Vidal: the story so far,2023-05-12 23:21:07,870,36852.0,1329.0,57.0,52.2,3.76,4649.0,2023.0,Germany,2.0,1.0,3.0,15.0,Finished,Race Season
5037,202306.0,-1.0,tech-analysis,How the cars evolved for Nordbahn Grand Prix 2023,2023-05-13 06:56:33,1110,21138.0,930.0,68.0,45.2,4.72,2946.0,2023.0,Germany,,,,,,Race Season
5038,202306.0,-1.0,race-recap,Nordbahn Grand Prix 2023 race highlights and analysis,2023-05-14 05:35:10,1320,47901.0,1986.0,124.0,50.7,4.4,8905.0,2023.0,Germany,,,,,,Race Season
5039,202307.0,2.0,driver-focus,Mateo Vidal: the story so far,2023-05-23 06:23:48,570,34220.0,1277.0,80.0,49.7,3.97,2693.0,2023.0,Australia,2.0,1.0,1.0,25.0,Finished,Race Season
5040,202307.0,-1.0,race-recap,Harbourside Grand Prix 2023 race highlights and analysis,2023-05-23 07:18:05,870,27501.0,1106.0,95.0,58.4,4.37,3881.0,2023.0,Australia,,,,,,Race Season
5041,202307.0,14.0,driver-focus,Joao Ferreira: the story so far,2023-05-23 14:04:42,990,49236.0,2073.0,158.0,49.3,4.53,6675.0,2023.0,Australia,14.0,7.0,7.0,6.0,Finished,Race Season
5042,202307.0,-1.0,tech-analysis,How the cars evolved for Harbourside Grand Prix 2023,2023-05-24 15:13:29,1275,30940.0,1394.0,111.0,51.6,4.86,5654.0,2023.0,Australia,,,,,,Race Season
5043,202307.0,2.0,driver-focus,Mateo Vidal: the story so far,2023-05-26 02:51:55,1410,49816.0,1537.0,179.0,53.4,3.44,10419.0,2023.0,Australia,2.0,1.0,1.0,25.0,Finished,Race Season
5044,202308.0,-1.0,qualifying-report,Vallee Verte Grand Prix 2023 qualifying report,2023-06-04 09:50:32,1020,29971.0,895.0,120.0,50.3,3.39,4271.0,2023.0,France,,,,,,Race Season
5045,202308.0,20.0,driver-focus,Lukas Steiner: the story so far,2023-06-06 06:38:45,1350,45371.0,1840.0,170.0,53.4,4.43,9086.0,2023.0,France,20.0,10.0,7.0,6.0,Finished,Race Season
5046,202308.0,20.0,driver-focus,Lukas Steiner: the story so far,2023-06-06 07:39:01,555,42468.0,1703.0,135.0,35.6,4.33,2331.0,2023.0,France,20.0,10.0,7.0,6.0,Finished,Race Season
5047,202308.0,4.0,driver-focus,Elodie Marchand: the story so far,2023-06-08 01:25:23,705,35664.0,1346.0,148.0,47.7,4.19,3331.0,2023.0,France,4.0,2.0,-1.0,0.0,Engine,Race Season
5048,202308.0,-1.0,race-recap,Vallee Verte Grand Prix 2023 race highlights and analysis,2023-06-09 12:49:21,840,66529.0,3598.0,147.0,53.4,5.63,8290.0,2023.0,France,,,,,,Race Season
5049,202309.0,-1.0,qualifying-report,Aurora Grand Prix 2023 qualifying report,2023-06-17 03:31:56,945,30344.0,986.0,92.0,46.6,3.55,3712.0,2023.0,Canada,,,,,,Race Season
5050,202309.0,20.0,driver-focus,Lukas Steiner: the story so far,2023-06-19 21:19:23,840,33873.0,1393.0,84.0,47.7,4.36,3770.0,2023.0,Canada,20.0,10.0,3.0,15.0,Finished,Race Season
5051,202309.0,14.0,driver-focus,Joao Ferreira: the story so far,2023-06-21 11:09:41,1365,30188.0,1169.0,102.0,52.9,4.21,6055.0,2023.0,Canada,14.0,7.0,15.0,0.0,Finished,Race Season
5052,202309.0,-1.0,tech-analysis,How the cars evolved for Aurora Grand Prix 2023,2023-06-21 18:51:56,705,22903.0,920.0,116.0,43.8,4.52,1965.0,2023.0,Canada,,,,,,Race Season
5053,202309.0,-1.0,race-recap,Aurora Grand Prix 2023 race highlights and analysis,2023-06-22 16:59:33,720,68879.0,2465.0,193.0,51.6,3.86,7108.0,2023.0,Canada,,,,,,Race Season
5054,202310.0,-1.0,qualifying-report,Al Dhafra Grand Prix 2023 qualifying report,2023-06-30 10:26:30,990,30166.0,1224.0,126.0,49.1,4.48,4073.0,2023.0,United Arab Emirates,,,,,,Race Season
5055,202310.0,14.0,driver-focus,Joao Ferreira: the story so far,2023-07-02 04:52:50,1425,39561.0,1190.0,119.0,56.8,3.31,8895.0,2023.0,United Arab Emirates,14.0,7.0,4.0,12.0,Finished,Race Season
5056,202310.0,-1.0,race-recap,Al Dhafra Grand Prix 2023 race highlights and analysis,2023-07-04 02:46:17,1080,35126.0,1614.0,78.0,37.7,4.82,3973.0,2023.0,United Arab Emirates,,,,,,Race Season
5057,202311.0,-1.0,qualifying-report,Tafelberg Grand Prix 2023 qualifying report,2023-07-13 00:23:55,1395,33599.0,1409.0,56.0,50.2,4.36,6536.0,2023.0,South Africa,,,,,,Race Season
5058,202311.0,14.0,driver-focus,Joao Ferreira: the story so far,2023-07-14 22:00:15,1050,33556.0,1042.0,140.0,49.7,3.52,4864.0,2023.0,South Africa,14.0,7.0,19.0,0.0,Finished,Race Season
5059,202311.0,2.0,driver-focus,Mateo Vidal: the story so far,2023-07-14 22:21:06,1050,65733.0,2202.0,189.0,51.1,3.64,9797.0,2023.0,South Africa,2.0,1.0,2.0,18.0,Finished,Race Season
5060,202311.0,-1.0,race-recap,Tafelberg Grand Prix 2023 race highlights and analysis,2023-07-15 12:09:57,1425,62455.0,2633.0,196.0,49.1,4.53,12138.0,2023.0,South Africa,,,,,,Race Season
5061,202312.0,-1.0,qualifying-report,Serra Dourada Grand Prix 2023 qualifying report,2023-07-26 05:33:50,780,35813.0,1565.0,120.0,47.6,4.7,3694.0,2023.0,Brazil,,,,,,Race Season
5062,202312.0,1.0,driver-focus,Kasper Renn: the story so far,2023-07-28 09:25:59,840,32478.0,1383.0,93.0,39.4,4.54,2986.0,2023.0,Brazil,1.0,1.0,1.0,25.0,Finished,Race Season
5063,202312.0,1.0,driver-focus,Kasper Renn: the story so far,2023-07-29 02:33:15,1125,25818.0,979.0,88.0,43.4,4.13,3502.0,2023.0,Brazil,1.0,1.0,1.0,25.0,Finished,Race Season
5064,202312.0,-1.0,tech-analysis,How the cars evolved for Serra Dourada Grand Prix 2023,2023-07-30 08:20:10,540,39771.0,1519.0,92.0,48.9,4.05,2917.0,2023.0,Brazil,,,,,,Race Season
5065,202312.0,-1.0,race-recap,Serra Dourada Grand Prix 2023 race highlights and analysis,2023-07-30 09:15:19,555,45384.0,1941.0,109.0,54.4,4.52,3806.0,2023.0,Brazil,,,,,,Race Season
5066,202312.0,6.0,driver-focus,Willem Lindqvist: the story so far,2023-07-30 11:33:56,1485,26956.0,1262.0,100.0,43.5,5.05,4837.0,2023.0,Brazil,6.0,3.0,4.0,12.0,Finished,Race Season
5067,202313.0,-1.0,qualifying-report,Baltica Grand Prix 2023 qualifying report,2023-08-08 04:57:28,495,31244.0,1306.0,112.0,55.4,4.54,2380.0,2023.0,Poland,,,,,,Race Season
5068,202313.0,-1.0,race-recap,Baltica Grand Prix 2023 race highlights and analysis,2023-08-10 14:02:41,1020,71251.0,3236.0,227.0,47.9,4.86,9670.0,2023.0,Poland,,,,,,Race Season
5069,202313.0,21.0,driver-focus,Casper Holm: the story so far,2023-08-12 10:07:09,570,49524.0,2121.0,62.0,47.7,4.41,3740.0,2023.0,Poland,21.0,2.0,17.0,0.0,Finished,Race Season
5070,202314.0,-1.0,qualifying-report,Marina Bay East Grand Prix 2023 qualifying report,2023-08-20 20:00:58,675,38749.0,1417.0,99.0,51.5,3.91,3742.0,2023.0,Singapore,,,,,,Race Season
5071,202314.0,-1.0,race-recap,Marina Bay East Grand Prix 2023 race highlights and analysis,2023-08-23 15:55:07,1110,65112.0,2773.0,300.0,43.0,4.72,8633.0,2023.0,Singapore,,,,,,Race Season
5072,202314.0,14.0,driver-focus,Joao Ferreira: the story so far,2023-08-25 06:40:51,855,43948.0,1770.0,136.0,40.1,4.34,4185.0,2023.0,Singapore,14.0,7.0,7.0,6.0,Finished,Race Season
5073,202315.0,-1.0,qualifying-report,Highlands Grand Prix 2023 qualifying report,2023-09-03 03:21:36,765,46902.0,2192.0,159.0,57.9,5.01,5771.0,2023.0,Netherlands,,,,,,Race Season
5074,202315.0,1.0,driver-focus,Kasper Renn: the story so far,2023-09-05 12:49:14,540,23440.0,1123.0,54.0,41.8,5.02,1470.0,2023.0,Netherlands,1.0,1.0,1.0,25.0,Finished,Race Season
5075,202315.0,-1.0,race-recap,Highlands Grand Prix 2023 race highlights and analysis,2023-09-05 13:39:11,1005,119592.0,4669.0,472.0,50.2,4.3,16760.0,2023.0,Netherlands,,,,,,Race Season
5076,202316.0,-1.0,qualifying-report,Sierra Nevada Grand Prix 2023 qualifying report,2023-09-16 10:52:57,945,28204.0,1261.0,87.0,51.4,4.78,3805.0,2023.0,Mexico,,,,,,Race Season
5077,202316.0,1.0,driver-focus,Kasper Renn: the story so far,2023-09-18 18:21:11,1260,25160.0,1131.0,97.0,44.1,4.88,3883.0,2023.0,Mexico,1.0,1.0,1.0,25.0,Finished,Race Season
5078,202316.0,2.0,driver-focus,Mateo Vidal: the story so far,2023-09-18 21:05:43,1425,43140.0,2082.0,102.0,42.3,5.06,7223.0,2023.0,Mexico,2.0,1.0,-1.0,0.0,Suspension,Race Season
5079,202316.0,-1.0,race-recap,Sierra Nevada Grand Prix 2023 race highlights and analysis,2023-09-19 04:08:39,1470,59761.0,2075.0,160.0,51.1,3.74,12470.0,2023.0,Mexico,,,,,,Race Season
5080,202317.0,-1.0,qualifying-report,Danube Grand Prix 2023 qualifying report,2023-09-29 09:50:26,660,28180.0,1215.0,30.0,47.7,4.42,2464.0,2023.0,Hungary,,,,,,Race Season
5081,202317.0,8.0,driver-focus,Rhys Duffy: the story so far,2023-10-01 09:32:19,720,46546.0,1570.0,143.0,46.4,3.68,4319.0,2023.0,Hungary,8.0,4.0,12.0,0.0,Finished,Race Season
5082,202317.0,-1.0,race-recap,Danube Grand Prix 2023 race highlights and analysis,2023-10-01 14:48:21,1455,52696.0,2516.0,205.0,44.9,5.16,9563.0,2023.0,Hungary,,,,,,Race Season
5083,202317.0,4.0,driver-focus,Elodie Marchand: the story so far,2023-10-03 04:59:28,495,40323.0,1848.0,157.0,44.1,4.97,2445.0,2023.0,Hungary,4.0,2.0,5.0,10.0,Finished,Race Season
5084,202318.0,2.0,driver-focus,Mateo Vidal: the story so far,2023-10-15 02:20:52,675,48055.0,1933.0,162.0,44.9,4.36,4046.0,2023.0,Norway,2.0,1.0,3.0,15.0,Finished,Race Season
5085,202318.0,-1.0,race-recap,Fjordland Grand Prix 2023 race highlights and analysis,2023-10-16 19:10:30,915,62922.0,2118.0,109.0,44.2,3.54,7069.0,2023.0,Norway,,,,,,Race Season
5086,202319.0,-1.0,qualifying-report,Atlas Grand Prix 2023 qualifying report,2023-10-25 00:27:22,585,39265.0,1504.0,156.0,44.8,4.23,2858.0,2023.0,Morocco,,,,,,Race Season
5087,202319.0,21.0,driver-focus,Casper Holm: the story so far,2023-10-26 16:45:34,1035,56153.0,2178.0,104.0,36.6,4.06,5909.0,2023.0,Morocco,21.0,2.0,5.0,10.0,Finished,Race Season
5088,202319.0,6.0,driver-focus,Willem Lindqvist: the story so far,2023-10-26 17:43:23,510,47466.0,1745.0,150.0,41.6,3.99,2797.0,2023.0,Morocco,6.0,3.0,7.0,6.0,Finished,Race Season
5089,202319.0,-1.0,race-recap,Atlas Grand Prix 2023 race highlights and analysis,2023-10-29 12:08:57,990,37851.0,1314.0,120.0,41.4,3.79,4309.0,2023.0,Morocco,,,,,,Race Season
5090,202319.0,-1.0,tech-analysis,How the cars evolved for Atlas Grand Prix 2023,2023-10-30 08:56:30,570,29035.0,1106.0,100.0,49.5,4.15,2276.0,2023.0,Morocco,,,,,,Race Season
5091,202320.0,21.0,driver-focus,Casper Holm: the story so far,2023-11-09 05:39:00,750,36033.0,1649.0,113.0,55.2,4.89,4144.0,2023.0,Ireland,21.0,2.0,13.0,0.0,Finished,Race Season
5092,202320.0,8.0,driver-focus,Rhys Duffy: the story so far,2023-11-09 07:20:03,1065,57161.0,2434.0,55.0,51.1,4.35,8641.0,2023.0,Ireland,8.0,4.0,16.0,0.0,Finished,Race Season
5093,202320.0,-1.0,race-recap,Emerald Grand Prix 2023 race highlights and analysis,2023-11-10 16:03:49,1410,68525.0,2841.0,237.0,51.2,4.49,13742.0,2023.0,Ireland,,,,,,Race Season
5094,202321.0,-1.0,qualifying-report,Golden Gate Grand Prix 2023 qualifying report,2023-11-20 11:17:23,765,53414.0,2487.0,124.0,49.5,4.89,5618.0,2023.0,United States,,,,,,Race Season
5095,202321.0,12.0,driver-focus,Wei Tan: the story so far,2023-11-22 10:28:35,495,61884.0,2879.0,215.0,48.3,5.0,4110.0,2023.0,United States,12.0,6.0,11.0,0.0,Finished,Race Season
5096,202321.0,8.0,driver-focus,Rhys Duffy: the story so far,2023-11-23 19:37:41,810,51815.0,1896.0,207.0,49.2,4.06,5736.0,2023.0,United States,8.0,4.0,10.0,1.0,Finished,Race Season
5097,202321.0,-1.0,tech-analysis,How the cars evolved for Golden Gate Grand Prix 2023,2023-11-24 11:12:09,1125,34749.0,1672.0,113.0,43.4,5.14,4713.0,2023.0,United States,,,,,,Race Season
5098,202321.0,-1.0,race-recap,Golden Gate Grand Prix 2023 race highlights and analysis,2023-11-24 20:47:50,1455,63663.0,1837.0,178.0,54.5,3.17,14023.0,2023.0,United States,,,,,,Race Season
5099,202322.0,-1.0,qualifying-report,Apex City Grand Prix 2023 qualifying report,2023-12-02 23:22:48,780,34378.0,1250.0,113.0,44.6,3.96,3322.0,2023.0,United Arab Emirates,,,,,,Race Season
5100,202322.0,21.0,driver-focus,Casper Holm: the story so far,2023-12-05 14:39:30,960,67998.0,3673.0,144.0,50.1,5.61,9085.0,2023.0,United Arab Emirates,21.0,2.0,1.0,25.0,Finished,Race Season
5101,202322.0,-1.0,race-recap,Apex City Grand Prix 2023 race highlights and analysis,2023-12-06 20:28:47,1155,92326.0,3795.0,372.0,60.2,4.51,17832.0,2023.0,United Arab Emirates,,,,,,Race Season
5102,202322.0,1.0,driver-focus,Kasper Renn: the story so far,2023-12-07 03:27:48,765,30421.0,1519.0,128.0,41.6,5.41,2689.0,2023.0,United Arab Emirates,1.0,1.0,7.0,6.0,Finished,Race Season
5103,,-1.0,off-season,Rule changes explained | 2024,2024-01-04 17:00:00,840,15508.0,542.0,61.0,49.8,3.89,1802.0,2024.0,,,,,,,Off-Season
5104,,-1.0,off-season,Technical regulations deep dive | 2024,2024-01-05 18:00:00,1230,24309.0,960.0,67.0,55.6,4.22,4618.0,2024.0,,,,,,,Off-Season
5105,,-1.0,off-season,Drivers to watch | 2024,2024-01-08 17:00:00,1050,31346.0,1434.0,65.0,50.6,4.78,4626.0,2024.0,,,,,,,Off-Season
5106,,-1.0,off-season,Season preview | 2024,2024-01-11 17:00:00,645,25940.0,809.0,59.0,44.8,3.35,2082.0,2024.0,,,,,,,Off-Season
5107,,-1.0,off-season,Engine suppliers explained | 2024,2024-01-15 17:00:00,1395,27807.0,1267.0,60.0,49.5,4.77,5334.0,2024.0,,,,,,,Off-Season
5108,,-1.0,off-season,Pre-season testing analysis | 2024,2024-02-11 18:00:00,735,18800.0,597.0,57.0,54.9,3.48,2107.0,2024.0,,,,,,,Off-Season
5109,,-1.0,off-season,Calendar guide | 2024,2024-02-16 16:00:00,855,24273.0,762.0,84.0,41.4,3.49,2387.0,2024.0,,,,,,,Off-Season
5110,,-1.0,off-season,Team launch roundup | 2024,2024-02-24 18:00:00,975,19594.0,611.0,59.0,48.3,3.42,2563.0,2024.0,,,,,,,Off-Season
5111,,-1.0,off-season,Fantasy league launch | 2024,2024-02-24 18:00:00,1470,23121.0,1144.0,63.0,49.3,5.22,4654.0,2024.0,,,,,,,Off-Season
5112,,-1.0,off-season,Predictions show | 2024,2024-02-26 17:00:00,555,39645.0,1946.0,198.0,48.4,5.41,2958.0,2024.0,,,,,,,Off-Season
5113,202401.0,-1.0,race-recap,Silverpine Grand Prix 2024 race highlights and analysis,2024-03-11 00:40:22,1185,171963.0,6981.0,737.0,56.2,4.49,31812.0,2024.0,United Kingdom,,,,,,Race Season
5114,202401.0,4.0,driver-focus,Elodie Marchand: the story so far,2024-03-12 07:22:44,1035,57402.0,2430.0,192.0,49.6,4.57,8186.0,2024.0,United Kingdom,4.0,2.0,6.0,8.0,Finished,Race Season
5115,202401.0,-1.0,tech-analysis,How the cars evolved for Silverpine Grand Prix 2024,2024-03-12 13:55:31,885,70925.0,2875.0,239.0,40.3,4.39,7027.0,2024.0,United Kingdom,,,,,,Race Season
5116,202401.0,2.0,driver-focus,Mateo Vidal: the story so far,2024-03-12 15:51:20,1185,38779.0,1680.0,135.0,49.0,4.68,6255.0,2024.0,United Kingdom,2.0,1.0,1.0,25.0,Finished,Race Season
5117,202401.0,21.0,driver-focus,Casper Holm: the story so far,2024-03-12 19:39:51,945,90466.0,3894.0,182.0,54.0,4.51,12824.0,2024.0,United Kingdom,,,,,,Race Season
5118,202402.0,-1.0,qualifying-report,Costa Azul Grand Prix 2024 qualifying report,2024-03-23 08:26:46,630,52527.0,2284.0,190.0,46.5,4.71,4274.0,2024.0,Spain,,,,,,Race Season
5119,202402.0,-1.0,race-recap,Costa Azul Grand Prix 2024 race highlights and analysis,2024-03-24 18:01:01,480,113564.0,4848.0,401.0,47.7,4.62,7223.0,2024.0,Spain,,,,,,Race Season
5120,202402.0,8.0,driver-focus,Rhys Duffy: the story so far,2024-03-26 02:27:55,1470,49966.0,1965.0,211.0,45.7,4.35,9324.0,2024.0,Spain,8.0,4.0,9.0,2.0,Finished,Race Season
5121,202402.0,4.0,driver-focus,Elodie Marchand: the story so far,2024-03-26 11:39:02,1305,70893.0,3048.0,264.0,46.9,4.67,12053.0,2024.0,Spain,4.0,2.0,6.0,8.0,Finished,Race Season
5122,202403.0,-1.0,qualifying-report,Sakura Grand Prix 2024 qualifying report,2024-04-04 16:37:19,1395,36628.0,1999.0,64.0,50.8,5.63,7210.0,2024.0,Japan,,,,,,Race Season
5123,202403.0,-1.0,race-recap,Sakura Grand Prix 2024 race highlights and analysis,2024-04-05 21:49:42,630,98966.0,4585.0,415.0,48.9,5.05,8469.0,2024.0,Japan,,,,,,Race Season
5124,202403.0,2.0,driver-focus,Mateo Vidal: the story so far,2024-04-07 14:00:08,525,46204.0,1749.0,213.0,48.5,4.25,3268.0,2024.0,Japan,2.0,1.0,3.0,15.0,Finished,Race Season
5125,202403.0,6.0,driver-focus,Willem Lindqvist: the story so far,2024-04-08 17:31:13,1485,58908.0,2538.0,161.0,44.6,4.58,10838.0,2024.0,Japan,6.0,3.0,13.0,0.0,Finished,Race Season
5126,202404.0,-1.0,qualifying-report,Redstone Grand Prix 2024 qualifying report,2024-04-18 12:35:54,915,58983.0,3023.0,252.0,45.5,5.55,6821.0,2024.0,United States,,,,,,Race Season
5127,202404.0,2.0,driver-focus,Mateo Vidal: the story so far,2024-04-20 01:22:57,840,63827.0,2284.0,210.0,43.2,3.91,6434.0,2024.0,United States,2.0,1.0,5.0,10.0,Finished,Race Season
5128,202404.0,-1.0,race-recap,Redstone Grand Prix 2024 race highlights and analysis,2024-04-20 14:08:39,480,151172.0,6801.0,706.0,49.4,4.97,9957.0,2024.0,United States,,,,,,Race Season
5129,202404.0,2.0,driver-focus,Mateo Vidal: the story so far,2024-04-20 19:16:19,1035,62687.0,2783.0,110.0,49.1,4.61,8849.0,2024.0,United States,2.0,1.0,5.0,10.0,Finished,Race Season
5130,202405.0,-1.0,qualifying-report,Lago Bianco Grand Prix 2024 qualifying report,2024-04-30 19:23:27,1395,55560.0,2184.0,182.0,47.2,4.26,10162.0,2024.0,Italy,,,,,,Race Season
5131,202405.0,-1.0,race-recap,Lago Bianco Grand Prix 2024 race highlights and analysis,2024-05-02 09:32:37,825,120514.0,4311.0,475.0,47.0,3.97,12980.0,2024.0,Italy,,,,,,Race Season
5132,202405.0,1.0,driver-focus,Kasper Renn: the story so far,2024-05-03 11:08:37,675,80407.0,3312.0,76.0,51.8,4.21,7810.0,2024.0,Italy,1.0,1.0,1.0,25.0,Finished,Race Season
5133,202405.0,4.0,driver-focus,Elodie Marchand: the story so far,2024-05-04 07:08:28,900,65040.0,2179.0,288.0,48.3,3.79,7854.0,2024.0,Italy,4.0,2.0,6.0,8.0,Finished,Race Season
5134,202405.0,-1.0,tech-analysis,How the cars evolved for Lago Bianco Grand Prix 2024,2024-05-04 09:38:09,660,27883.0,1135.0,129.0,54.4,4.53,2781.0,2024.0,Italy,,,,,,Race Season
5135,202405.0,2.0,driver-focus,Mateo Vidal: the story so far,2024-05-04 10:59:18,1290,53700.0,1891.0,194.0,43.7,3.88,8409.0,2024.0,Italy,2.0,1.0,8.0,4.0,Finished,Race Season
5136,202406.0,-1.0,race-recap,Nordbahn Grand Prix 2024 race highlights and analysis,2024-05-14 23:36:05,1275,93740.0,3552.0,180.0,48.1,3.98,15969.0,2024.0,Germany,,,,,,Race Season
5137,202406.0,6.0,driver-focus,Willem Lindqvist: the story so far,2024-05-16 08:11:25,1020,57496.0,2480.0,191.0,44.3,4.65,7217.0,2024.0,Germany,6.0,3.0,12.0,0.0,Finished,Race Season
5138,202406.0,4.0,driver-focus,Elodie Marchand: the story so far,2024-05-16 20:34:54,930,46256.0,1983.0,146.0,50.7,4.6,6058.0,2024.0,Germany,4.0,2.0,1.0,25.0,Finished,Race Season
5139,202406.0,-1.0,tech-analysis,How the cars evolved for Nordbahn Grand Prix 2024,2024-05-17 17:12:02,915,51177.0,1873.0,173.0,45.5,4.0,5918.0,2024.0,Germany,,,,,,Race Season
5140,202407.0,-1.0,race-recap,Harbourside Grand Prix 2024 race highlights and analysis,2024-05-28 00:44:31,840,109953.0,4244.0,169.0,49.9,4.01,12802.0,2024.0,Australia,,,,,,Race Season
5141,202407.0,8.0,driver-focus,Rhys Duffy: the story so far,2024-05-28 09:47:43,840,67428.0,3056.0,207.0,44.4,4.84,6986.0,2024.0,Australia,8.0,4.0,16.0,0.0,Finished,Race Season
5142,202407.0,4.0,driver-focus,Elodie Marchand: the story so far,2024-05-30 19:04:18,1335,44131.0,1797.0,77.0,51.8,4.25,8477.0,2024.0,Australia,4.0,2.0,9.0,2.0,Finished,Race Season
5143,202408.0,-1.0,qualifying-report,Vallee Verte Grand Prix 2024 qualifying report,2024-06-08 17:47:54,1305,48986.0,1750.0,115.0,49.0,3.81,8701.0,2024.0,France,,,,,,Race Season
5144,202408.0,-1.0,race-recap,Vallee Verte Grand Prix 2024 race highlights and analysis,2024-06-10 00:07:37,1335,83435.0,4341.0,191.0,45.4,5.43,14047.0,2024.0,France,,,,,,Race Season
5145,202408.0,-1.0,tech-analysis,How the cars evolved for Vallee Verte Grand Prix 2024,2024-06-12 20:39:14,1305,66607.0,2965.0,214.0,45.7,4.77,11034.0,2024.0,France,,,,,,Race Season
5146,202408.0,21.0,driver-focus,Casper Holm: the story so far,2024-06-12 23:04:36,1275,61653.0,3058.0,172.0,47.6,5.24,10394.0,2024.0,France,,,,,,Race Season
5147,202409.0,-1.0,qualifying-report,Aurora Grand Prix 2024 qualifying report,2024-06-22 09:18:29,1065,70625.0,2532.0,227.0,46.9,3.91,9799.0,2024.0,Canada,,,,,,Race Season
5148,202409.0,-1.0,race-recap,Aurora Grand Prix 2024 race highlights and analysis,2024-06-23 05:46:27,510,68460.0,3285.0,163.0,47.8,5.04,4636.0,2024.0,Canada,,,,,,Race Season
5149,202409.0,4.0,driver-focus,Elodie Marchand: the story so far,2024-06-24 03:31:15,1140,78480.0,2104.0,169.0,43.7,2.9,10860.0,2024.0,Canada,4.0,2.0,1.0,25.0,Finished,Race Season
5150,202409.0,6.0,driver-focus,Willem Lindqvist: the story so far,2024-06-26 15:14:46,1365,43373.0,1849.0,180.0,45.9,4.68,7549.0,2024.0,Canada,6.0,3.0,-1.0,0.0,Suspension,Race Season
5151,202410.0,-1.0,qualifying-report,Al Dhafra Grand Prix 2024 qualifying report,2024-07-05 03:57:06,540,52734.0,2831.0,159.0,51.1,5.67,4042.0,2024.0,United Arab Emirates,,,,,,Race Season
5152,202410.0,-1.0,race-recap,Al Dhafra Grand Prix 2024 race highlights and analysis,2024-07-06 05:29:20,1380,158421.0,6192.0,610.0,42.0,4.29,25506.0,2024.0,United Arab Emirates,,,,,,Race Season
5153,202410.0,21.0,driver-focus,Casper Holm: the story so far,2024-07-07 14:53:11,840,42212.0,2033.0,154.0,42.8,5.18,4216.0,2024.0,United Arab Emirates,,,,,,Race Season
5154,202410.0,21.0,driver-focus,Casper Holm: the story so far,2024-07-07 18:29:50,960,58986.0,2758.0,156.0,52.3,4.94,8227.0,2024.0,United Arab Emirates,,,,,,Race Season
5155,202411.0,-1.0,qualifying-report,Tafelberg Grand Prix 2024 qualifying report,2024-07-17 17:04:07,480,57420.0,2931.0,115.0,44.8,5.3,3430.0,2024.0,South Africa,,,,,,Race Season
5156,202411.0,-1.0,race-recap,Tafelberg Grand Prix 2024 race highlights and analysis,2024-07-19 00:18:55,1275,135240.0,5779.0,534.0,50.1,4.67,23997.0,2024.0,South Africa,,,,,,Race Season
5157,202411.0,1.0,driver-focus,Kasper Renn: the story so far,2024-07-21 15:31:27,1005,34213.0,1535.0,72.0,40.2,4.7,3840.0,2024.0,South Africa,1.0,1.0,1.0,25.0,Finished,Race Season
5158,202412.0,-1.0,race-recap,Serra Dourada Grand Prix 2024 race highlights and analysis,2024-08-01 13:11:40,690,149671.0,5676.0,663.0,37.5,4.24,10758.0,2024.0,Brazil,,,,,,Race Season
5159,202412.0,2.0,driver-focus,Mateo Vidal: the story so far,2024-08-02 05:11:16,630,47981.0,1822.0,145.0,50.4,4.1,4232.0,2024.0,Brazil,2.0,1.0,2.0,18.0,Finished,Race Season
5160,202412.0,21.0,driver-focus,Casper Holm: the story so far,2024-08-02 12:54:10,1200,105723.0,3520.0,346.0,51.6,3.66,18184.0,2024.0,Brazil,,,,,,Race Season
5161,202412.0,-1.0,tech-analysis,How the cars evolved for Serra Dourada Grand Prix 2024,2024-08-03 12:50:28,1020,50232.0,2621.0,137.0,41.4,5.49,5892.0,2024.0,Brazil,,,,,,Race Season
5162,202413.0,-1.0,race-recap,Baltica Grand Prix 2024 race highlights and analysis,2024-08-13 22:12:19,1155,205924.0,8734.0,820.0,47.7,4.64,31514.0,2024.0,Poland,,,,,,Race Season
5163,202413.0,1.0,driver-focus,Kasper Renn: the story so far,2024-08-15 18:39:02,1215,63744.0,1909.0,153.0,44.2,3.23,9509.0,2024.0,Poland,1.0,1.0,1.0,25.0,Finished,Race Season
5164,202414.0,-1.0,qualifying-report,Marina Bay East Grand Prix 2024 qualifying report,2024-08-25 23:34:12,1200,41032.0,1726.0,119.0,41.6,4.5,5690.0,2024.0,Singapore,,,,,,Race Season
5165,202414.0,-1.0,race-recap,Marina Bay East Grand Prix 2024 race highlights and analysis,2024-08-27 02:35:54,1245,87861.0,3756.0,94.0,46.1,4.38,14008.0,2024.0,Singapore,,,,,,Race Season
5166,202414.0,-1.0,tech-analysis,How the cars evolved for Marina Bay East Grand Prix 2024,2024-08-28 12:23:17,1365,70744.0,3286.0,156.0,54.1,4.87,14512.0,2024.0,Singapore,,,,,,Race Season
5167,202414.0,1.0,driver-focus,Kasper Renn: the story so far,2024-08-28 14:52:28,1005,52439.0,2240.0,135.0,47.2,4.53,6910.0,2024.0,Singapore,1.0,1.0,2.0,18.0,Finished,Race Season
5168,202414.0,4.0,driver-focus,Elodie Marchand: the story so far,2024-08-30 06:01:52,1005,86355.0,3977.0,198.0,51.8,4.83,12488.0,2024.0,Singapore,4.0,2.0,15.0,0.0,Finished,Race Season
5169,202415.0,-1.0,qualifying-report,Highlands Grand Prix 2024 qualifying report,2024-09-08 02:14:52,1230,61733.0,1824.0,223.0,44.6,3.32,9407.0,2024.0,Netherlands,,,,,,Race Season
5170,202415.0,-1.0,race-recap,Highlands Grand Prix 2024 race highlights and analysis,2024-09-09 03:16:33,960,255353.0,12928.0,869.0,50.9,5.4,34660.0,2024.0,Netherlands,,,,,,Race Season
5171,202415.0,21.0,driver-focus,Casper Holm: the story so far,2024-09-10 14:40:15,825,95510.0,4126.0,88.0,48.8,4.41,10681.0,2024.0,Netherlands,,,,,,Race Season
5172,202415.0,21.0,driver-focus,Casper Holm: the story so far,2024-09-11 19:36:56,1305,80077.0,3821.0,187.0,47.8,5.01,13875.0,2024.0,Netherlands,,,,,,Race Season
5173,202416.0,-1.0,qualifying-report,Sierra Nevada Grand Prix 2024 qualifying report,2024-09-21 13:17:22,1380,67323.0,3035.0,283.0,43.3,4.93,11174.0,2024.0,Mexico,,,,,,Race Season
5174,202416.0,-1.0,race-recap,Sierra Nevada Grand Prix 2024 race highlights and analysis,2024-09-22 16:05:50,1470,162935.0,6460.0,339.0,50.5,4.17,33599.0,2024.0,Mexico,,,,,,Race Season
5175,202416.0,4.0,driver-focus,Elodie Marchand: the story so far,2024-09-23 22:08:45,1080,91444.0,3776.0,327.0,43.9,4.49,12043.0,2024.0,Mexico,4.0,2.0,3.0,15.0,Finished,Race Season
5176,202417.0,-1.0,race-recap,Danube Grand Prix 2024 race highlights and analysis,2024-10-05 20:25:30,1410,134140.0,4865.0,474.0,39.4,3.98,20700.0,2024.0,Hungary,,,,,,Race Season
5177,202417.0,6.0,driver-focus,Willem Lindqvist: the story so far,2024-10-07 08:57:54,870,71031.0,2496.0,318.0,40.4,3.96,6935.0,2024.0,Hungary,6.0,3.0,8.0,4.0,Finished,Race Season
5178,202417.0,8.0,driver-focus,Rhys Duffy: the story so far,2024-10-07 12:11:56,660,55111.0,2800.0,156.0,53.2,5.36,5375.0,2024.0,Hungary,8.0,4.0,6.0,8.0,Finished,Race Season
5179,202418.0,-1.0,qualifying-report,Fjordland Grand Prix 2024 qualifying report,2024-10-16 21:27:58,1020,107172.0,4168.0,518.0,38.1,4.37,11569.0,2024.0,Norway,,,,,,Race Season
5180,202418.0,-1.0,race-recap,Fjordland Grand Prix 2024 race highlights and analysis,2024-10-18 07:41:20,1020,161946.0,5262.0,552.0,48.8,3.59,22392.0,2024.0,Norway,,,,,,Race Season
5181,202418.0,8.0,driver-focus,Rhys Duffy: the story so far,2024-10-20 13:35:41,870,84540.0,3450.0,312.0,58.2,4.45,11891.0,2024.0,Norway,8.0,4.0,3.0,15.0,Finished,Race Season
5182,202418.0,8.0,driver-focus,Rhys Duffy: the story so far,2024-10-20 15:47:19,1110,103908.0,5074.0,292.0,47.3,5.16,15154.0,2024.0,Norway,8.0,4.0,3.0,15.0,Finished,Race Season
5183,202419.0,-1.0,race-recap,Atlas Grand Prix 2024 race highlights and analysis,2024-10-31 13:23:28,915,165264.0,6902.0,562.0,54.2,4.52,22766.0,2024.0,Morocco,,,,,,Race Season
5184,202419.0,21.0,driver-focus,Casper Holm: the story so far,2024-11-02 08:04:41,1005,92061.0,3811.0,308.0,49.9,4.47,12824.0,2024.0,Morocco,,,,,,Race Season
5185,202419.0,8.0,driver-focus,Rhys Duffy: the story so far,2024-11-02 12:11:50,510,66595.0,2748.0,159.0,48.5,4.37,4576.0,2024.0,Morocco,8.0,4.0,4.0,12.0,Finished,Race Season
5186,202419.0,-1.0,tech-analysis,How the cars evolved for Atlas Grand Prix 2024,2024-11-03 11:49:18,780,42170.0,1806.0,113.0,46.0,4.55,4203.0,2024.0,Morocco,,,,,,Race Season
5187,202420.0,-1.0,qualifying-report,Emerald Grand Prix 2024 qualifying report,2024-11-12 02:57:07,1170,41722.0,2056.0,157.0,53.3,5.3,7227.0,2024.0,Ireland,,,,,,Race Season
5188,202420.0,-1.0,race-recap,Emerald Grand Prix 2024 race highlights and analysis,2024-11-12 19:06:33,540,160722.0,6987.0,563.0,45.4,4.7,10945.0,2024.0,Ireland,,,,,,Race Season
5189,202420.0,1.0,driver-focus,Kasper Renn: the story so far,2024-11-14 18:09:36,540,89170.0,3941.0,250.0,38.8,4.7,5190.0,2024.0,Ireland,1.0,1.0,1.0,25.0,Finished,Race Season
5190,202421.0,-1.0,race-recap,Golden Gate Grand Prix 2024 race highlights and analysis,2024-11-26 16:20:17,810,233219.0,9727.0,869.0,54.7,4.54,28703.0,2024.0,United States,,,,,,Race Season
5191,202421.0,2.0,driver-focus,Mateo Vidal: the story so far,2024-11-27 17:09:48,1080,86140.0,4128.0,315.0,49.9,5.16,12895.0,2024.0,United States,2.0,1.0,3.0,15.0,Finished,Race Season
5192,202421.0,-1.0,tech-analysis,How the cars evolved for Golden Gate Grand Prix 2024,2024-11-27 23:33:40,1335,95869.0,3122.0,224.0,44.8,3.49,15927.0,2024.0,United States,,,,,,Race Season
5193,202422.0,-1.0,qualifying-report,Apex City Grand Prix 2024 qualifying report,2024-12-08 03:38:16,480,42123.0,1800.0,185.0,45.9,4.71,2578.0,2024.0,United Arab Emirates,,,,,,Race Season
5194,202422.0,-1.0,race-recap,Apex City Grand Prix 2024 race highlights and analysis,2024-12-09 04:29:18,1455,189037.0,6965.0,588.0,55.3,4.0,42251.0,2024.0,United Arab Emirates,,,,,,Race Season
5195,202422.0,4.0,driver-focus,Elodie Marchand: the story so far,2024-12-11 09:51:28,555,97609.0,3821.0,335.0,42.9,4.26,6456.0,2024.0,United Arab Emirates,4.0,2.0,10.0,1.0,Finished,Race Season
5196,202422.0,2.0,driver-focus,Mateo Vidal: the story so far,2024-12-12 07:28:08,675,99782.0,4480.0,328.0,43.3,4.82,8101.0,2024.0,United Arab Emirates,2.0,1.0,12.0,0.0,Finished,Race Season
5197,,-1.0,off-season,Engine suppliers explained | 2025,2025-01-08 18:00:00,765,41644.0,1743.0,171.0,39.0,4.6,3451.0,2025.0,,,,,,,Off-Season
5198,,-1.0,off-season,Season preview | 2025,2025-01-10 18:00:00,570,42323.0,1972.0,139.0,52.0,4.99,3485.0,2025.0,,,,,,,Off-Season
5199,,-1.0,off-season,Rule changes explained | 2025,2025-01-12 16:00:00,900,36892.0,1245.0,116.0,52.3,3.69,4824.0,2025.0,,,,,,,Off-Season
5200,,-1.0,off-season,Technical regulations deep dive | 2025,2025-01-13 18:00:00,810,58168.0,2636.0,231.0,44.1,4.93,5772.0,2025.0,,,,,,,Off-Season
5201,,-1.0,off-season,Drivers to watch | 2025,2025-01-23 17:00:00,1035,57158.0,2432.0,181.0,51.8,4.57,8512.0,2025.0,,,,,,,Off-Season
5202,,-1.0,off-season,Predictions show | 2025,2025-02-05 16:00:00,1050,40525.0,1939.0,115.0,40.7,5.07,4811.0,2025.0,,,,,,,Off-Season
5203,,-1.0,off-season,Calendar guide | 2025,2025-02-07 18:00:00,1455,48911.0,2056.0,174.0,42.1,4.56,8322.0,2025.0,,,,,,,Off-Season
5204,,-1.0,off-season,Team launch roundup | 2025,2025-02-15 16:00:00,600,20593.0,860.0,60.0,44.9,4.47,1541.0,2025.0,,,,,,,Off-Season
5205,,-1.0,off-season,Fantasy league launch | 2025,2025-02-15 17:00:00,855,45207.0,1709.0,127.0,53.2,4.06,5712.0,2025.0,,,,,,,Off-Season
5206,,-1.0,off-season,Pre-season testing analysis | 2025,2025-02-15 18:00:00,810,50539.0,2404.0,134.0,44.7,5.02,5083.0,2025.0,,,,,,,Off-Season
5207,202501.0,-1.0,qualifying-report,Silverpine Grand Prix 2025 qualifying report,2025-03-09 08:55:35,555,98315.0,3871.0,261.0,45.1,4.2,6836.0,2025.0,United Kingdom,,,,,,Race Season
5208,202501.0,-1.0,race-recap,Silverpine Grand Prix 2025 race highlights and analysis,2025-03-10 02:09:32,1275,241618.0,6827.0,754.0,54.4,3.14,46552.0,2025.0,United Kingdom,,,,,,Race Season
5209,202501.0,3.0,driver-focus,Luca Imai: the story so far,2025-03-12 08:52:45,990,199347.0,7895.0,552.0,52.2,4.24,28616.0,2025.0,United Kingdom,3.0,2.0,4.0,12.0,Finished,Race Season
5210,202501.0,3.0,driver-focus,Luca Imai: the story so far,2025-03-13 08:58:24,990,103725.0,3669.0,193.0,53.0,3.72,15118.0,2025.0,United Kingdom,3.0,2.0,4.0,12.0,Finished,Race Season
5211,202502.0,-1.0,race-recap,Costa Azul Grand Prix 2025 race highlights and analysis,2025-03-23 03:36:13,480,163923.0,5709.0,495.0,56.7,3.78,12393.0,2025.0,Spain,,,,,,Race Season
5212,202502.0,-1.0,tech-analysis,How the cars evolved for Costa Azul Grand Prix 2025,2025-03-25 20:05:31,1320,72765.0,3095.0,183.0,46.0,4.5,12273.0,2025.0,Spain,,,,,,Race Season
5213,202502.0,14.0,driver-focus,Joao Ferreira: the story so far,2025-03-26 03:17:40,675,83249.0,4151.0,314.0,40.4,5.36,6306.0,2025.0,Spain,14.0,7.0,11.0,0.0,Finished,Race Season
5214,202503.0,-1.0,qualifying-report,Sakura Grand Prix 2025 qualifying report,2025-04-03 14:16:01,1185,123716.0,5079.0,379.0,49.5,4.41,20158.0,2025.0,Japan,,,,,,Race Season
5215,202503.0,-1.0,race-recap,Sakura Grand Prix 2025 race highlights and analysis,2025-04-05 00:03:54,1380,288525.0,13077.0,826.0,47.1,4.82,52093.0,2025.0,Japan,,,,,,Race Season
5216,202503.0,1.0,driver-focus,Kasper Renn: the story so far,2025-04-06 08:08:28,960,111120.0,4098.0,495.0,42.6,4.13,12623.0,2025.0,Japan,1.0,1.0,2.0,18.0,Finished,Race Season
5217,202503.0,4.0,driver-focus,Elodie Marchand: the story so far,2025-04-06 13:09:31,1170,86464.0,3910.0,312.0,47.1,4.88,13235.0,2025.0,Japan,4.0,2.0,16.0,0.0,Finished,Race Season
5218,202503.0,8.0,driver-focus,Rhys Duffy: the story so far,2025-04-06 15:54:23,495,100231.0,4146.0,324.0,47.9,4.46,6601.0,2025.0,Japan,8.0,4.0,-1.0,0.0,Electrical,Race Season
5219,202503.0,-1.0,tech-analysis,How the cars evolved for Sakura Grand Prix 2025,2025-04-07 15:18:27,570,76997.0,2369.0,203.0,39.5,3.34,4816.0,2025.0,Japan,,,,,,Race Season
5220,202504.0,-1.0,qualifying-report,Redstone Grand Prix 2025 qualifying report,2025-04-17 01:11:08,1095,128040.0,4601.0,448.0,48.0,3.94,18694.0,2025.0,United States,,,,,,Race Season
5221,202504.0,-1.0,race-recap,Redstone Grand Prix 2025 race highlights and analysis,2025-04-18 15:51:37,1020,133194.0,7174.0,506.0,46.5,5.77,17548.0,2025.0,United States,,,,,,Race Season
5222,202504.0,2.0,driver-focus,Mateo Vidal: the story so far,2025-04-18 21:22:32,1485,62986.0,3175.0,240.0,49.6,5.42,12887.0,2025.0,United States,2.0,1.0,-1.0,0.0,Engine,Race Season
5223,202504.0,3.0,driver-focus,Luca Imai: the story so far,2025-04-20 04:39:24,900,123637.0,4438.0,372.0,58.8,3.89,18175.0,2025.0,United States,3.0,2.0,2.0,18.0,Finished,Race Season
5224,202504.0,-1.0,tech-analysis,How the cars evolved for Redstone Grand Prix 2025,2025-04-21 06:28:01,1290,36745.0,1543.0,78.0,55.1,4.41,7255.0,2025.0,United States,,,,,,Race Season
5225,202505.0,-1.0,race-recap,Lago Bianco Grand Prix 2025 race highlights and analysis,2025-05-01 05:37:12,630,159895.0,6378.0,589.0,65.4,4.36,18300.0,2025.0,Italy,,,,,,Race Season
5226,202505.0,-1.0,tech-analysis,How the cars evolved for Lago Bianco Grand Prix 2025,2025-05-02 17:24:50,1125,79483.0,3827.0,290.0,48.3,5.18,11997.0,2025.0,Italy,,,,,,Race Season
5227,202505.0,3.0,driver-focus,Luca Imai: the story so far,2025-05-03 16:19:15,960,125566.0,3978.0,388.0,53.8,3.48,18015.0,2025.0,Italy,3.0,2.0,5.0,10.0,Finished,Race Season
5228,202505.0,2.0,driver-focus,Mateo Vidal: the story so far,2025-05-04 04:47:57,1215,97805.0,2844.0,275.0,47.6,3.19,15712.0,2025.0,Italy,2.0,1.0,-1.0,0.0,Engine,Race Season
5229,202506.0,-1.0,qualifying-report,Nordbahn Grand Prix 2025 qualifying report,2025-05-13 08:11:11,855,63584.0,2489.0,163.0,46.8,4.17,7067.0,2025.0,Germany,,,,,,Race Season
5230,202506.0,-1.0,race-recap,Nordbahn Grand Prix 2025 race highlights and analysis,2025-05-14 01:50:51,945,352117.0,17480.0,847.0,55.5,5.2,51299.0,2025.0,Germany,,,,,,Race Season
5231,202506.0,12.0,driver-focus,Wei Tan: the story so far,2025-05-15 16:12:09,1005,98345.0,3966.0,289.0,49.2,4.33,13508.0,2025.0,Germany,12.0,6.0,9.0,2.0,Finished,Race Season
5232,202506.0,12.0,driver-focus,Wei Tan: the story so far,2025-05-17 11:24:31,1350,134803.0,6471.0,475.0,45.0,5.15,22748.0,2025.0,Germany,12.0,6.0,9.0,2.0,Finished,Race Season
5233,202507.0,-1.0,qualifying-report,Harbourside Grand Prix 2025 qualifying report,2025-05-25 23:13:30,1440,92073.0,3845.0,235.0,50.2,4.43,18488.0,2025.0,Australia,,,,,,Race Season
5234,202507.0,-1.0,race-recap,Harbourside Grand Prix 2025 race highlights and analysis,2025-05-26 20:31:59,960,152720.0,5434.0,329.0,41.0,3.77,16697.0,2025.0,Australia,,,,,,Race Season
5235,202507.0,12.0,driver-focus,Wei Tan: the story so far,2025-05-28 04:32:53,915,92704.0,4526.0,334.0,43.4,5.24,10226.0,2025.0,Australia,12.0,6.0,6.0,8.0,Finished,Race Season
5236,202507.0,8.0,driver-focus,Rhys Duffy: the story so far,2025-05-29 20:44:00,630,107661.0,2911.0,441.0,42.5,3.11,8007.0,2025.0,Australia,8.0,4.0,11.0,0.0,Finished,Race Season
5237,202507.0,-1.0,tech-analysis,How the cars evolved for Harbourside Grand Prix 2025,2025-05-30 11:45:23,1080,84602.0,4007.0,274.0,52.4,5.06,13299.0,2025.0,Australia,,,,,,Race Season
5238,202508.0,-1.0,qualifying-report,Vallee Verte Grand Prix 2025 qualifying report,2025-06-08 03:01:39,1320,55247.0,2702.0,193.0,55.2,5.24,11182.0,2025.0,France,,,,,,Race Season
5239,202508.0,-1.0,race-recap,Vallee Verte Grand Prix 2025 race highlights and analysis,2025-06-09 09:40:45,1080,280021.0,12772.0,1089.0,54.3,4.95,45615.0,2025.0,France,,,,,,Race Season
5240,202508.0,12.0,driver-focus,Wei Tan: the story so far,2025-06-10 06:11:22,855,114058.0,5636.0,374.0,42.9,5.27,11621.0,2025.0,France,12.0,6.0,1.0,25.0,Finished,Race Season
5241,202508.0,4.0,driver-focus,Elodie Marchand: the story so far,2025-06-12 03:13:26,735,79183.0,3527.0,217.0,55.6,4.73,8989.0,2025.0,France,4.0,2.0,15.0,0.0,Finished,Race Season
5242,202509.0,-1.0,race-recap,Aurora Grand Prix 2025 race highlights and analysis,2025-06-22 06:52:26,825,194577.0,8609.0,534.0,55.7,4.7,24837.0,2025.0,Canada,,,,,,Race Season
5243,202509.0,12.0,driver-focus,Wei Tan: the story so far,2025-06-23 02:33:08,1440,120892.0,5431.0,253.0,50.8,4.7,24565.0,2025.0,Canada,12.0,6.0,1.0,25.0,Finished,Race Season
5244,202509.0,4.0,driver-focus,Elodie Marchand: the story so far,2025-06-23 21:43:34,495,129886.0,6076.0,331.0,55.6,4.93,9930.0,2025.0,Canada,4.0,2.0,3.0,15.0,Finished,Race Season
5245,202509.0,-1.0,tech-analysis,How the cars evolved for Aurora Grand Prix 2025,2025-06-24 07:38:21,975,71005.0,3062.0,196.0,46.2,4.59,8885.0,2025.0,Canada,,,,,,Race Season
5246,202510.0,-1.0,race-recap,Al Dhafra Grand Prix 2025 race highlights and analysis,2025-07-04 23:46:16,1155,164338.0,8191.0,607.0,44.8,5.35,23621.0,2025.0,United Arab Emirates,,,,,,Race Season
5247,202510.0,4.0,driver-focus,Elodie Marchand: the story so far,2025-07-07 18:37:41,1290,117863.0,5451.0,330.0,46.1,4.9,19470.0,2025.0,United Arab Emirates,4.0,2.0,-1.0,0.0,Collision,Race Season
5248,202510.0,4.0,driver-focus,Elodie Marchand: the story so far,2025-07-08 05:03:16,1425,90922.0,3343.0,365.0,60.4,4.08,21738.0,2025.0,United Arab Emirates,4.0,2.0,-1.0,0.0,Collision,Race Season
5249,202510.0,-1.0,tech-analysis,How the cars evolved for Al Dhafra Grand Prix 2025,2025-07-08 17:40:18,765,60497.0,3191.0,116.0,40.9,5.47,5258.0,2025.0,United Arab Emirates,,,,,,Race Season
5250,202511.0,-1.0,qualifying-report,Tafelberg Grand Prix 2025 qualifying report,2025-07-17 09:03:30,1065,95979.0,4053.0,450.0,44.1,4.69,12522.0,2025.0,South Africa,,,,,,Race Season
5251,202511.0,-1.0,race-recap,Tafelberg Grand Prix 2025 race highlights and analysis,2025-07-18 02:58:28,1470,151974.0,4773.0,270.0,42.6,3.32,26436.0,2025.0,South Africa,,,,,,Race Season
5252,202511.0,3.0,driver-focus,Luca Imai: the story so far,2025-07-20 03:22:00,1080,164764.0,7036.0,612.0,60.4,4.64,29855.0,2025.0,South Africa,3.0,2.0,1.0,25.0,Finished,Race Season
5253,202511.0,2.0,driver-focus,Mateo Vidal: the story so far,2025-07-20 11:28:02,870,122423.0,4992.0,352.0,43.2,4.37,12781.0,2025.0,South Africa,2.0,1.0,11.0,0.0,Finished,Race Season
5254,202512.0,-1.0,qualifying-report,Serra Dourada Grand Prix 2025 qualifying report,2025-07-30 07:38:58,720,94364.0,3768.0,158.0,35.5,4.16,6700.0,2025.0,Brazil,,,,,,Race Season
5255,202512.0,8.0,driver-focus,Rhys Duffy: the story so far,2025-08-01 18:46:38,930,78443.0,2863.0,175.0,40.5,3.87,8207.0,2025.0,Brazil,8.0,4.0,11.0,0.0,Finished,Race Season
5256,202512.0,-1.0,race-recap,Serra Dourada Grand Prix 2025 race highlights and analysis,2025-08-01 19:23:48,1230,214612.0,8336.0,332.0,40.9,4.04,29990.0,2025.0,Brazil,,,,,,Race Season
5257,202512.0,3.0,driver-focus,Luca Imai: the story so far,2025-08-03 02:16:00,855,238302.0,10914.0,455.0,51.5,4.77,29147.0,2025.0,Brazil,3.0,2.0,4.0,12.0,Finished,Race Season
5258,202513.0,-1.0,qualifying-report,Baltica Grand Prix 2025 qualifying report,2025-08-11 22:14:48,705,89580.0,4135.0,394.0,51.8,5.06,9087.0,2025.0,Poland,,,,,,Race Season
5259,202513.0,-1.0,race-recap,Baltica Grand Prix 2025 race highlights and analysis,2025-08-13 06:23:03,540,208608.0,10410.0,511.0,41.2,5.24,12892.0,2025.0,Poland,,,,,,Race Season
5260,202513.0,8.0,driver-focus,Rhys Duffy: the story so far,2025-08-14 15:30:43,525,153664.0,5720.0,585.0,51.2,4.1,11474.0,2025.0,Poland,8.0,4.0,10.0,1.0,Finished,Race Season
5261,202513.0,4.0,driver-focus,Elodie Marchand: the story so far,2025-08-15 04:45:53,1185,89180.0,3584.0,238.0,42.5,4.29,12476.0,2025.0,Poland,4.0,2.0,3.0,15.0,Finished,Race Season
5262,202514.0,-1.0,qualifying-report,Marina Bay East Grand Prix 2025 qualifying report,2025-08-25 07:57:48,870,77734.0,3230.0,212.0,38.3,4.43,7195.0,2025.0,Singapore,,,,,,Race Season
5263,202514.0,-1.0,race-recap,Marina Bay East Grand Prix 2025 race highlights and analysis,2025-08-26 06:50:59,1455,201208.0,6081.0,722.0,46.3,3.38,37652.0,2025.0,Singapore,,,,,,Race Season
5264,202514.0,4.0,driver-focus,Elodie Marchand: the story so far,2025-08-28 20:06:55,615,139168.0,5606.0,511.0,55.7,4.4,13242.0,2025.0,Singapore,4.0,2.0,1.0,25.0,Finished,Race Season
5265,202514.0,4.0,driver-focus,Elodie Marchand: the story so far,2025-08-29 10:44:52,555,104081.0,4168.0,364.0,40.5,4.35,6499.0,2025.0,Singapore,4.0,2.0,1.0,25.0,Finished,Race Season
5266,202515.0,-1.0,qualifying-report,Highlands Grand Prix 2025 qualifying report,2025-09-07 04:19:02,1350,108706.0,4630.0,471.0,45.5,4.69,18548.0,2025.0,Netherlands,,,,,,Race Season
5267,202515.0,4.0,driver-focus,Elodie Marchand: the story so far,2025-09-08 13:50:22,540,99461.0,3801.0,364.0,45.7,4.19,6818.0,2025.0,Netherlands,4.0,2.0,3.0,15.0,Finished,Race Season
5268,202515.0,3.0,driver-focus,Luca Imai: the story so far,2025-09-08 21:48:46,1425,190141.0,10470.0,680.0,63.9,5.86,48094.0,2025.0,Netherlands,3.0,2.0,-1.0,0.0,Electrical,Race Season
5269,202515.0,-1.0,race-recap,Highlands Grand Prix 2025 race highlights and analysis,2025-09-09 01:04:50,1440,331812.0,12146.0,956.0,54.4,3.95,72202.0,2025.0,Netherlands,,,,,,Race Season
5270,202515.0,8.0,driver-focus,Rhys Duffy: the story so far,2025-09-09 01:31:48,1305,128332.0,6280.0,357.0,46.2,5.17,21492.0,2025.0,Netherlands,8.0,4.0,5.0,10.0,Finished,Race Season
5271,202515.0,-1.0,tech-analysis,How the cars evolved for Highlands Grand Prix 2025,2025-09-11 10:50:16,1155,85756.0,3469.0,180.0,37.4,4.26,10290.0,2025.0,Netherlands,,,,,,Race Season
5272,202516.0,-1.0,qualifying-report,Sierra Nevada Grand Prix 2025 qualifying report,2025-09-20 10:06:22,600,127079.0,4959.0,287.0,53.3,4.13,11289.0,2025.0,Mexico,,,,,,Race Season
5273,202516.0,-1.0,race-recap,Sierra Nevada Grand Prix 2025 race highlights and analysis,2025-09-22 04:59:02,1080,174752.0,8678.0,639.0,50.4,5.33,26423.0,2025.0,Mexico,,,,,,Race Season
5274,202516.0,4.0,driver-focus,Elodie Marchand: the story so far,2025-09-22 08:32:52,930,195600.0,6570.0,722.0,48.3,3.73,24406.0,2025.0,Mexico,4.0,2.0,1.0,25.0,Finished,Race Season
5275,202516.0,3.0,driver-focus,Luca Imai: the story so far,2025-09-23 12:30:54,720,122321.0,4939.0,353.0,56.9,4.33,13920.0,2025.0,Mexico,3.0,2.0,3.0,15.0,Finished,Race Season
5276,202517.0,-1.0,qualifying-report,Danube Grand Prix 2025 qualifying report,2025-10-03 05:37:40,1305,90746.0,3636.0,178.0,49.2,4.2,16185.0,2025.0,Hungary,,,,,,Race Season
5277,202517.0,-1.0,race-recap,Danube Grand Prix 2025 race highlights and analysis,2025-10-03 22:40:09,1260,220274.0,8701.0,619.0,51.4,4.23,39627.0,2025.0,Hungary,,,,,,Race Season
5278,202517.0,8.0,driver-focus,Rhys Duffy: the story so far,2025-10-06 16:39:51,855,121542.0,5272.0,322.0,39.2,4.6,11316.0,2025.0,Hungary,8.0,4.0,9.0,2.0,Finished,Race Season
5279,202517.0,-1.0,tech-analysis,How the cars evolved for Danube Grand Prix 2025,2025-10-08 08:41:26,480,58028.0,2294.0,158.0,38.3,4.23,2963.0,2025.0,Hungary,,,,,,Race Season
5280,202518.0,-1.0,race-recap,Fjordland Grand Prix 2025 race highlights and analysis,2025-10-17 01:44:14,480,182415.0,6874.0,476.0,39.7,4.03,9656.0,2025.0,Norway,,,,,,Race Season
5281,202518.0,3.0,driver-focus,Luca Imai: the story so far,2025-10-17 14:06:39,1185,150627.0,5196.0,488.0,52.4,3.77,25981.0,2025.0,Norway,3.0,2.0,1.0,25.0,Finished,Race Season
5282,202518.0,3.0,driver-focus,Luca Imai: the story so far,2025-10-18 10:56:25,1335,277574.0,9583.0,590.0,52.8,3.66,54349.0,2025.0,Norway,3.0,2.0,1.0,25.0,Finished,Race Season
5283,202518.0,-1.0,tech-analysis,How the cars evolved for Fjordland Grand Prix 2025,2025-10-18 20:28:19,1230,107128.0,3328.0,319.0,50.2,3.4,18374.0,2025.0,Norway,,,,,,Race Season
5284,202518.0,3.0,driver-focus,Luca Imai: the story so far,2025-10-19 20:11:57,960,172433.0,7308.0,656.0,52.6,4.62,24187.0,2025.0,Norway,3.0,2.0,1.0,25.0,Finished,Race Season
5285,202519.0,-1.0,qualifying-report,Atlas Grand Prix 2025 qualifying report,2025-10-28 21:30:45,1035,99478.0,3569.0,301.0,45.6,3.89,13042.0,2025.0,Morocco,,,,,,Race Season
5286,202519.0,-1.0,race-recap,Atlas Grand Prix 2025 race highlights and analysis,2025-10-31 03:58:27,1440,320482.0,13799.0,906.0,47.7,4.59,61148.0,2025.0,Morocco,,,,,,Race Season
5287,202519.0,1.0,driver-focus,Kasper Renn: the story so far,2025-10-31 06:22:59,1140,95980.0,4725.0,348.0,47.0,5.29,14285.0,2025.0,Morocco,1.0,1.0,1.0,25.0,Finished,Race Season
5288,202519.0,4.0,driver-focus,Elodie Marchand: the story so far,2025-11-01 08:00:37,750,133917.0,5639.0,720.0,48.7,4.75,13587.0,2025.0,Morocco,4.0,2.0,4.0,12.0,Finished,Race Season
5289,202519.0,8.0,driver-focus,Rhys Duffy: the story so far,2025-11-01 20:53:13,1485,146030.0,5193.0,517.0,45.4,3.91,27348.0,2025.0,Morocco,8.0,4.0,14.0,0.0,Finished,Race Season
5290,202520.0,-1.0,race-recap,Emerald Grand Prix 2025 race highlights and analysis,2025-11-12 14:46:18,1185,191889.0,7702.0,736.0,50.9,4.4,32150.0,2025.0,Ireland,,,,,,Race Season
5291,202520.0,1.0,driver-focus,Kasper Renn: the story so far,2025-11-13 13:40:07,885,76005.0,3278.0,419.0,44.2,4.86,8259.0,2025.0,Ireland,1.0,1.0,1.0,25.0,Finished,Race Season
5292,202520.0,-1.0,tech-analysis,How the cars evolved for Emerald Grand Prix 2025,2025-11-13 19:56:37,555,98438.0,4789.0,345.0,52.5,5.22,7967.0,2025.0,Ireland,,,,,,Race Season
5293,202520.0,4.0,driver-focus,Elodie Marchand: the story so far,2025-11-14 13:23:28,840,165622.0,6015.0,375.0,47.3,3.86,18279.0,2025.0,Ireland,4.0,2.0,2.0,18.0,Finished,Race Season
5294,202520.0,1.0,driver-focus,Kasper Renn: the story so far,2025-11-14 21:14:18,810,60306.0,2455.0,181.0,43.2,4.37,5862.0,2025.0,Ireland,1.0,1.0,1.0,25.0,Finished,Race Season
5295,202521.0,-1.0,qualifying-report,Golden Gate Grand Prix 2025 qualifying report,2025-11-24 05:55:42,1095,139076.0,5563.0,507.0,51.6,4.36,21828.0,2025.0,United States,,,,,,Race Season
5296,202521.0,-1.0,race-recap,Golden Gate Grand Prix 2025 race highlights and analysis,2025-11-25 14:51:12,585,248672.0,9792.0,808.0,51.1,4.26,20649.0,2025.0,United States,,,,,,Race Season
5297,202521.0,-1.0,tech-analysis,How the cars evolved for Golden Gate Grand Prix 2025,2025-11-27 04:53:46,1290,95944.0,3746.0,200.0,47.9,4.11,16468.0,2025.0,United States,,,,,,Race Season
5298,202521.0,12.0,driver-focus,Wei Tan: the story so far,2025-11-27 10:25:21,1350,175421.0,6609.0,449.0,38.9,4.02,25590.0,2025.0,United States,12.0,6.0,13.0,0.0,Finished,Race Season
5299,202521.0,3.0,driver-focus,Luca Imai: the story so far,2025-11-27 15:06:17,1335,201832.0,4989.0,434.0,42.3,2.69,31660.0,2025.0,United States,3.0,2.0,4.0,12.0,Finished,Race Season
5300,202521.0,12.0,driver-focus,Wei Tan: the story so far,2025-11-27 16:43:10,1065,136909.0,5951.0,291.0,44.8,4.56,18145.0,2025.0,United States,12.0,6.0,13.0,0.0,Finished,Race Season
5301,202522.0,4.0,driver-focus,Elodie Marchand: the story so far,2025-12-08 20:57:04,735,0.0,0.0,0.0,55.9,,0.0,2025.0,United Arab Emirates,4.0,2.0,1.0,25.0,Finished,Race Season
5302,202522.0,12.0,driver-focus,Wei Tan: the story so far,2025-12-09 01:03:07,840,0.0,0.0,0.0,52.4,,0.0,2025.0,United Arab Emirates,12.0,6.0,14.0,0.0,Finished,Race Season
5303,202522.0,-1.0,race-recap,Apex City Grand Prix 2025 race highlights and analysis,2025-12-09 16:06:07,1005,0.0,0.0,0.0,42.5,,0.0,2025.0,United Arab Emirates,,,,,,Race Season
5304,202522.0,1.0,driver-focus,Kasper Renn: the story so far,2025-12-10 12:47:18,660,0.0,0.0,0.0,32.2,,0.0,2025.0,United Arab Emirates,1.0,1.0,2.0,18.0,Finished,Race Season
5305,202522.0,-1.0,tech-analysis,How the cars evolved for Apex City Grand Prix 2025,2025-12-11 02:30:05,1230,0.0,0.0,0.0,47.0,,0.0,2025.0,United Arab Emirates,,,,,,Race Season
